mfcc_1,mfcc_2,mfcc_3,mfcc_4,mfcc_5,mfcc_6,mfcc_7,mfcc_8,mfcc_9,mfcc_10,mfcc_11,mfcc_12
69.78854370117188,-11.77507209777832,20.86701774597168,-1.4035648107528687,2.1421570777893066,-3.1571412086486816,4.668923854827881,-11.969550132751465,8.315500259399414,-12.74285888671875,4.376723289489746,-9.08875560760498
